GID,GNAME,BREEDER,XYZ,GERMPLASMTYPE,IR NUMBER,IR CROSS,PARENTAGE,FEMALE PARENT,MALE PARENT,SELECTION HISTORY,SOURCE,Biotic,Abiotic,Grain Quality,Major Genes
1,Gen1,OtherName1,Breader1,IL,IRL1,IRC1,Parentage1,FParent1,MParent1,SelHis1,Sourc1,"Blast, Tungro","Salt, Cold","Aroma, High Fe","Sub1, DT1"
2,Gen2,OtherName2,Breader2,IL,IRL2,IRC2,Parentage2,FParent2,MParent2,SelHis2,Sourc2,"Blast, Tungro","Salt, Cold","Aroma, High Fe","Sub1, DT1"
3,Gen3,OtherName3,Breader3,IL,IRL3,IRC3,Parentage3,FParent3,MParent3,SelHis3,Sourc3,"Blast, Tungro","Salt, Cold","Arosma, High Fe","Sub1, DT1"
4,Gen4,OtherName4,Breader4,IL,IRL4,IRC4,Parentage4,FParent4,MParent4,SelHis4,Sourc4,"Blast, Tungro","Salt, Cold","Aroma, High Fe","Sub1, DT1"
4,Gen5,OtherName5,Breader1,IL,IRL1,IRC1,Parentage1,FParent1,MParent1,SelHis1,Sourc1,"Blast, Tungro","Salt, Cold","Aroma, High Fe","Sub1, DT1"
4,Gen6,OtherName6,Breader2,IL,IRL2,IRC2,Parentage2,FParent2,MParent2,SelHis2,Sourc2,"Blast, Tungro","Salt, Cold","Aroma, High Fe","Sub1, DT1"
4,Gen7,OtherName7,Breader3,IL,IRL3,IRC3,Parentage3,FParent3,MParent3,SelHis3,Sourc3,"Blast, Tungro","Salt, Cold","Arsoma, High Fe","Sub1, DT1"
4,Gen8,OtherName8,Breader4,IL,IRL4,IRC4,Parentage4,FParent4,MParent4,SelHis4,Sourc4,"Blast, Tungro","Salt, Cold","Aroma, High Fe","Sub1, DT1"
4,Gen9,OtherName9,Breader1,IL,IRL1,IRC1,Parentage1,FParent1,MParent1,SelHis1,Sourc1,"Blast, Tungro","Salt, Coldx","Aroma, High Fe","Sub1, DT1"
4,Gen10,OtherName10,Breader2,IL,IRL2,IRC2,Parentage2,FParent2,MParent2,SelHis2,Sourc2,"Blast, Tungro","Salt, Coldx","Aroma, High Fe","Sub1, DT1"
4,Gen11,OtherName11,Breader3,IL,IRL3,IRC3,Parentage3,FParent3,MParent3,SelHis3,Sourc3,"Blast, Tungro","Salt, Cold","Arosma, High Fe","Sub1, DT1"
4,Gen12,OtherName12,Breader4,IL,IRL4,IRC4,Parentage4,FParent4,MParent4,SelHis4,Sourc4,"Blast, Tungro","Salt, Coldx","Aroma, High Fe","Sub1, DT1"
4,Gen13,OtherName13,Breader1,IL,IRL1,IRC1,Parentage1,FParent1,MParent1,SelHis1,Sourc1,"Blast, Tungro","Salt, Cold","Aroma, High Fe","Sub1, DT1"
4,Gen14,OtherName14,Breader2,IL,IRL2,IRC2,Parentage2,FParent2,MParent2,SelHis2,Sourc2,"Blast, Tungro","Salt, Cold","Aroma, High Fe","Sub1, DT1"
4,Gen15,OtherName15,Breader3,IL,IRL3,IRC3,Parentage3,FParent3,MParent3,SelHis3,Sourc3,"Blast, Tungro","Salt, Cold","Aroma, High Fe","Sub1, DT1"
4,Gen16,OtherName16,Breader4,IL,IRL4,IRC4,Parentage4,FParent4,MParent4,SelHis4,Sourc4,"Blast, Tungro","Salt, Cold","Aroma, High Fe","Sub1, DT1"
4,Gen17,OtherName17,Breader1,IL,IRL1,IRC1,Parentage1,FParent1,MParent1,SelHis1,Sourc1,"Blast, Tungro","Salt, Cold","Aroma, High Fe","Sub1, DT1"
4,Gen18,OtherName18,Breader2,IL,IRL2,IRC2,Parentage2,FParent2,MParent2,SelHis2,Sourc2,"Blast, Tungro","Salt, Cold","Aroma, High Fe","Sub1, DsT1"
4,Gen19,OtherName19,Breader3,IL,IRL3,IRC3,Parentage3,FParent3,MParent3,SelHis3,Sourc3,"Blast, Tungro","Salt, Cold","Aroma, High Fe","Sub1, DT1"
4,Gen20,OtherName20,Breader4,IL,IRL4,IRC4,Parentage4,FParent4,MParent4,SelHis4,Sourc4,"Blast, Tungro","Salt, Cold","Aroma, High Fe","Sub1, DT1"
4,Gen21,OtherName21,Breader1,IL,IRL1,IRC1,Parentage1,FParent1,MParent1,SelHis1,Sourc1,"Blast, Tungro","Salt, Cold","Aroma, High Fe","Sub1, DT1"
4,Gen22,OtherName22,Breader2,IL,IRL2,IRC2,Parentage2,FParent2,MParent2,SelHis2,Sourc2,"Blast, Tungro","Salt, Cold","Aroma, High Fe","Sub1, DT1"
4,Gen23,OtherName23,Breader3,IL,IRL3,IRC3,Parentage3,FParent3,MParent3,SelHis3,Sourc3,"Blast, Tungro","Salt, Cold","Aroma, High Fe","Sub1, DT1"
4,Gen24,OtherName24,Breader4,IL,IRL4,IRC4,Parentage4,FParent4,MParent4,SelHis4,Sourc4,"Blast, Tungro","Salt, Cold","Aroma, High Fe","Sub1, DT1"
4,Gen25,OtherName25,Breader1,IL,IRL1,IRC1,Parentage1,FParent1,MParent1,SelHis1,Sourc1,"Blast, Tungro","Salt, Cold","Aroma, High Fe","Sub1, DT1"
4,Gen26,OtherName26,Breader2,IL,IRL2,IRC2,Parentage2,FParent2,MParent2,SelHis2,Sourc2,"Blssast, Tungro","Salt, Cold","Aroma, High Fe","Sub1, DT1"
4,Gen27,OtherName27,Breader3,IL,IRL3,IRC3,Parentage3,FParent3,MParent3,SelHis3,Sourc3,"Blast, Tungro","Salt, Cold","Aroma, High Fe","Sub1, DT1"
4,Gen28,OtherName28,Breader4,IL,IRL4,IRC4,Parentage4,FParent4,MParent4,SelHis4,Sourc4,"Blast, Tungro","Salt, Cold","Aroma, High Fe","Sub1, DT1"
4,Gen29,OtherName29,Breader1,IL,IRL1,IRC1,Parentage1,FParent1,MParent1,SelHis1,Sourc1,"Blast, Tungro","Salt, Cold","Aroma, High Fe","Sub1, DT1"
4,Gen30,OtherName30,Breader2,IL,IRL2,IRC2,Parentage2,FParent2,MParent2,SelHis2,Sourc2,"Blast, Tungro","Salt, Cold","Aroma, High Fe","Sub1, DT1"
4,Gen31,OtherName31,Breader3,IL,IRL3,IRC3,Parentage3,FParent3,MParent3,SelHis3,Sourc3,"Blast, Tungro","Salt, Cold","Aroma, High Fe","Sub1, DT1"
4,Gen32,OtherName32,Breader4,IL,IRL4,IRC4,Parentage4,FParent4,MParent4,SelHis4,Sourc4,"Blast, Tungro","Salt, Cold","Aroma, High Fe","Sub1, DT1"
4,Gen33,OtherName33,Breader1,IL,IRL1,IRC1,Parentage1,FParent1,MParent1,SelHis1,Sourc1,"Blast, Tungro","Salt, Cold","Aroma, High Fe","Sub1, DT1"
4,Gen34,OtherName34,Breader2,IL,IRL2,IRC2,Parentage2,FParent2,MParent2,SelHis2,Sourc2,"Blast, Tungro","Salt, Cold","Aroma, High Fe","Sub1, DT1"
4,Gen35,OtherName35,Breader3,IL,IRL3,IRC3,Parentage3,FParent3,MParent3,SelHis3,Sourc3,"Blast, Tungro","Salt, Cold","Aroma, High Fe","Sub1, DT1"
4,Gen36,OtherName36,Breader4,IL,IRL4,IRC4,Parentage4,FParent4,MParent4,SelHis4,Sourc4,"Blast, Tungro","Salt, Cold","Aroma, High Fe","Sub1, DT1"
4,Gen37,OtherName37,Breader1,IL,IRL1,IRC1,Parentage1,FParent1,MParent1,SelHis1,Sourc1,"Blast, Tungro","Salt, Cold","Aroma, High Fe","Sub1, DT1"
4,Gen38,OtherName38,Breader2,IL,IRL2,IRC2,Parentage2,FParent2,MParent2,SelHis2,Sourc2,"Blast, Tungro","Salt, Cold","Aroma, High Fe","Sub1, DT1"
4,Gen39,OtherName39,Breader3,IL,IRL3,IRC3,Parentage3,FParent3,MParent3,SelHis3,Sourc3,"Blast, Tungro","Salt, Cold","Aroma, High Fe","Sub1, DT1"
4,Gen40,OtherName40,Breader4,IL,IRL4,IRC4,Parentage4,FParent4,MParent4,SelHis4,Sourc4,"Blast, Tungro","Salt, Cold","Aroma, High Fe","Sub1, DT1"
4,Gen41,OtherName41,Breader1,IL,IRL1,IRC1,Parentage1,FParent1,MParent1,SelHis1,Sourc1,"Blast, Tungro","Salt, Cold","Aroma, High Fe","Sub1, DT1"
4,Gen42,OtherName42,Breader2,IL,IRL2,IRC2,Parentage2,FParent2,MParent2,SelHis2,Sourc2,"Blast, Tungro","Salt, Cold","Aroma, High Fe","Sub1, DT1"
4,Gen43,OtherName43,Breader3,IL,IRL3,IRC3,Parentage3,FParent3,MParent3,SelHis3,Sourc3,"Blast, Tungro","Salt, Cold","Aroma, High Fe","Sub1, DT1"
4,Gen44,OtherName44,Breader4,IL,IRL4,IRC4,Parentage4,FParent4,MParent4,SelHis4,Sourc4,"Blast, Tungro","Salt, Cold","Aroma, High Fe","Sub1, DT1"
4,Gen45,OtherName45,Breader1,IL,IRL1,IRC1,Parentage1,FParent1,MParent1,SelHis1,Sourc1,"Blast, Tungro","Salt, Cold","Aroma, High Fe","Sub1, DT1"
4,Gen46,OtherName46,Breader2,IL,IRL2,IRC2,Parentage2,FParent2,MParent2,SelHis2,Sourc2,"Blast, Tungro","Salt, Cold","Aroma, High Fe","Sub1, DT1"
4,Gen47,OtherName47,Breader3,IL,IRL3,IRC3,Parentage3,FParent3,MParent3,SelHis3,Sourc3,"Blast, Tungro","Salt, Cold","Aroma, High Fe","Sub1, DT1"
4,Gen48,OtherName48,Breader4,IL,IRL4,IRC4,Parentage4,FParent4,MParent4,SelHis4,Sourc4,"Blast, Tungro","Salt, Cold","Aroma, High Fe","Sub1, DT1"
4,Gen49,OtherName49,Breader1,IL,IRL1,IRC1,Parentage1,FParent1,MParent1,SelHis1,Sourc1,"Blast, Tungro","Salt, Cold","Aroma, High Fe","Sub1, DT1"
4,Gen50,OtherName50,Breader2,IL,IRL2,IRC2,Parentage2,FParent2,MParent2,SelHis2,Sourc2,"Blast, Tungro","Salt, Cold","Aroma, High Fe","Sub1, DT1"
4,Gen51,OtherName51,Breader3,IL,IRL3,IRC3,Parentage3,FParent3,MParent3,SelHis3,Sourc3,"Blast, Tungro","Salt, Cold","Aroma, High Fe","Sub1, DT1"
4,Gen52,OtherName52,Breader4,IL,IRL4,IRC4,Parentage4,FParent4,MParent4,SelHis4,Sourc4,"Blast, Tungro","Salt, Cold","Aroma, High Fe","Sub1, DT1"
4,Gen53,OtherName53,Breader1,IL,IRL1,IRC1,Parentage1,FParent1,MParent1,SelHis1,Sourc1,"Blast, Tungro","Salt, Cold","Aroma, High Fe","Sub1, DT1"
4,Gen54,OtherName54,Breader2,IL,IRL2,IRC2,Parentage2,FParent2,MParent2,SelHis2,Sourc2,"Blast, Tungro","Salt, Cold","Aroma, High Fe","Sub1, DT1"
4,Gen55,OtherName55,Breader3,IL,IRL3,IRC3,Parentage3,FParent3,MParent3,SelHis3,Sourc3,"Blast, Tungro","Salt, Cold","Aroma, High Fe","Sub1, DT1"
4,Gen56,OtherName56,Breader4,IL,IRL4,IRC4,Parentage4,FParent4,MParent4,SelHis4,Sourc4,"Blast, Tungro","Salt, Cold","Aroma, High Fe","Sub1, DT1"
4,Gen57,OtherName57,Breader1,IL,IRL1,IRC1,Parentage1,FParent1,MParent1,SelHis1,Sourc1,"Blast, Tungro","Salt, Cold","Aroma, High Fe","Sub1, DT1"
4,Gen58,OtherName58,Breader2,IL,IRL2,IRC2,Parentage2,FParent2,MParent2,SelHis2,Sourc2,"Blast, Tungro","Salt, Cold","Aroma, High Fe","Sub1, DT1"
4,Gen59,OtherName59,Breader3,IL,IRL3,IRC3,Parentage3,FParent3,MParent3,SelHis3,Sourc3,"Blast, Tungro","Salt, Cold","Aroma, High Fe","Sub1, DT1"
4,Gen60,OtherName60,Breader4,IL,IRL4,IRC4,Parentage4,FParent4,MParent4,SelHis4,Sourc4,"Blast, Tungro","Salt, Cold","Aroma, High Fe","Sub1, DT1"
4,Gen61,OtherName61,Breader1,IL,IRL1,IRC1,Parentage1,FParent1,MParent1,SelHis1,Sourc1,"Blast, Tungro","Salt, Cold","Aroma, High Fe","Sub1, DT1"
4,Gen62,OtherName62,Breader2,IL,IRL2,IRC2,Parentage2,FParent2,MParent2,SelHis2,Sourc2,"Blast, Tungro","Salt, Cold","Aroma, High Fe","Sub1, DT1"
4,Gen63,OtherName63,Breader3,IL,IRL3,IRC3,Parentage3,FParent3,MParent3,SelHis3,Sourc3,"Blast, Tungro","Salt, Cold","Aroma, High Fe","Sub1, DT1"
4,Gen64,OtherName64,Breader4,IL,IRL4,IRC4,Parentage4,FParent4,MParent4,SelHis4,Sourc4,"Blast, Tungro","Salt, Cold","Aroma, High Fe","Sub1, DT1"
4,Gen65,OtherName65,Breader1,IL,IRL1,IRC1,Parentage1,FParent1,MParent1,SelHis1,Sourc1,"Blast, Tungro","Salt, Cold","Aroma, High Fe","Sub1, DT1"
4,Gen66,OtherName66,Breader2,IL,IRL2,IRC2,Parentage2,FParent2,MParent2,SelHis2,Sourc2,"Blast, Tungro","Salt, Cold","Aroma, High Fe","Sub1, DT1"
4,Gen67,OtherName67,Breader3,IL,IRL3,IRC3,Parentage3,FParent3,MParent3,SelHis3,Sourc3,"Blast, Tungro","Salt, Cold","Aroma, High Fe","Sub1, DT1"
4,Gen68,OtherName68,Breader4,IL,IRL4,IRC4,Parentage4,FParent4,MParent4,SelHis4,Sourc4,"Blast, Tungro","Salt, Cold","Aroma, High Fe","Sub1, DT1"
4,Gen69,OtherName69,Breader1,IL,IRL1,IRC1,Parentage1,FParent1,MParent1,SelHis1,Sourc1,"Blast, Tungro","Salt, Cold","Aroma, High Fe","Sub1, DT1"
4,Gen70,OtherName70,Breader2,IL,IRL2,IRC2,Parentage2,FParent2,MParent2,SelHis2,Sourc2,"Blast, Tungro","Salt, Cold","Aroma, High Fe","Sub1, DT1"
4,Gen71,OtherName71,Breader3,IL,IRL3,IRC3,Parentage3,FParent3,MParent3,SelHis3,Sourc3,"Blast, Tungro","Salt, Cold","Aroma, High Fe","Sub1, DT1"
4,Gen72,OtherName72,Breader4,IL,IRL4,IRC4,Parentage4,FParent4,MParent4,SelHis4,Sourc4,"Blast, Tungro","Salt, Cold","Aroma, High Fe","Sub1, DT1"
4,Gen73,OtherName73,Breader1,IL,IRL1,IRC1,Parentage1,FParent1,MParent1,SelHis1,Sourc1,"Blast, Tungro","Salt, Cold","Aroma, High Fe","Sub1, DT1"
4,Gen74,OtherName74,Breader2,IL,IRL2,IRC2,Parentage2,FParent2,MParent2,SelHis2,Sourc2,"Blast, Tungro","Salt, Cold","Aroma, High Fe","Sub1, DT1"
4,Gen75,OtherName75,Breader3,IL,IRL3,IRC3,Parentage3,FParent3,MParent3,SelHis3,Sourc3,"Blast, Tungro","Salt, Cold","Aroma, High Fe","Sub1, DT1"
4,Gen76,OtherName76,Breader4,IL,IRL4,IRC4,Parentage4,FParent4,MParent4,SelHis4,Sourc4,"Blast, Tungro","Salt, Cold","Aroma, High Fe","Sub1, DT1"
4,Gen77,OtherName77,Breader1,IL,IRL1,IRC1,Parentage1,FParent1,MParent1,SelHis1,Sourc1,"Blast, Tungro","Salt, Cold","Aroma, High Fe","Sub1, DT1"
4,Gen78,OtherName78,Breader2,IL,IRL2,IRC2,Parentage2,FParent2,MParent2,SelHis2,Sourc2,"Blast, Tungro","Salt, Cold","Aroma, High Fe","Sub1, DT1"
4,Gen79,OtherName79,Breader3,IL,IRL3,IRC3,Parentage3,FParent3,MParent3,SelHis3,Sourc3,"Blast, Tungro","Salt, Cold","Aroma, High Fe","Sub1, DT1"
4,Gen80,OtherName80,Breader4,IL,IRL4,IRC4,Parentage4,FParent4,MParent4,SelHis4,Sourc4,"Blast, Tungro","Salt, Cold","Aroma, High Fe","Sub1, DT1"
4,Gen81,OtherName81,Breader1,IL,IRL1,IRC1,Parentage1,FParent1,MParent1,SelHis1,Sourc1,"Blast, Tungro","Salt, Cold","Aroma, High Fe","Sub1, DT1"
4,Gen82,OtherName82,Breader2,IL,IRL2,IRC2,Parentage2,FParent2,MParent2,SelHis2,Sourc2,"Blast, Tungro","Salt, Cold","Aroma, High Fe","Sub1, DT1"
4,Gen83,OtherName83,Breader3,IL,IRL3,IRC3,Parentage3,FParent3,MParent3,SelHis3,Sourc3,"Blast, Tungro","Salt, Cold","Aroma, High Fe","Sub1, DT1"
4,Gen84,OtherName84,Breader4,IL,IRL4,IRC4,Parentage4,FParent4,MParent4,SelHis4,Sourc4,"Blast, Tungro","Salt, Cold","Aroma, High Fe","Sub1, DT1"
4,Gen85,OtherName85,Breader1,IL,IRL1,IRC1,Parentage1,FParent1,MParent1,SelHis1,Sourc1,"Blast, Tungro","Salt, Cold","Aroma, High Fe","Sub1, DT1"
4,Gen86,OtherName86,Breader2,IL,IRL2,IRC2,Parentage2,FParent2,MParent2,SelHis2,Sourc2,"Blast, Tungro","Salt, Cold","Aroma, High Fe","Sub1, DT1"
4,Gen87,OtherName87,Breader3,IL,IRL3,IRC3,Parentage3,FParent3,MParent3,SelHis3,Sourc3,"Blast, Tungro","Salt, Cold","Aroma, High Fe","Sub1, DT1"
4,Gen88,OtherName88,Breader4,IL,IRL4,IRC4,Parentage4,FParent4,MParent4,SelHis4,Sourc4,"Blast, Tungro","Salt, Cold","Aroma, High Fe","Sub1, DT1"
4,Gen89,OtherName89,Breader1,IL,IRL1,IRC1,Parentage1,FParent1,MParent1,SelHis1,Sourc1,"Blast, Tungro","Salt, Cold","Aroma, High Fe","Sub1, DT1"
4,Gen90,OtherName90,Breader2,IL,IRL2,IRC2,Parentage2,FParent2,MParent2,SelHis2,Sourc2,"Blast, Tungro","Salt, Cold","Aroma, High Fe","Sub1, DT1"
4,Gen91,OtherName91,Breader3,IL,IRL3,IRC3,Parentage3,FParent3,MParent3,SelHis3,Sourc3,"Blast, Tungro","Salt, Cold","Aroma, High Fe","Sub1, DT1"
4,Gen92,OtherName92,Breader4,IL,IRL4,IRC4,Parentage4,FParent4,MParent4,SelHis4,Sourc4,"Blast, Tungro","Salt, Cold","Aroma, High Fe","Sub1, DT1"
4,Gen93,OtherName93,Breader1,IL,IRL1,IRC1,Parentage1,FParent1,MParent1,SelHis1,Sourc1,"Blast, Tungro","Salt, Cold","Aroma, High Fe","Sub1, DT1"
4,Gen94,OtherName94,Breader2,IL,IRL2,IRC2,Parentage2,FParent2,MParent2,SelHis2,Sourc2,"Blast, Tungro","Salt, Cold","Aroma, High Fe","Sub1, DT1"
4,Gen95,OtherName95,Breader3,IL,IRL3,IRC3,Parentage3,FParent3,MParent3,SelHis3,Sourc3,"Blast, Tungro","Salt, Cold","Aroma, High Fe","Sub1, DT1"
4,Gen96,OtherName96,Breader4,IL,IRL4,IRC4,Parentage4,FParent4,MParent4,SelHis4,Sourc4,"Blast, Tungro","Salt, Cold","Aroma, High Fe","Sub1, DT1"
4,Gen97,OtherName97,Breader1,IL,IRL1,IRC1,Parentage1,FParent1,MParent1,SelHis1,Sourc1,"Blast, Tungro","Salt, Cold","Aroma, High Fe","Sub1, DT1"
4,Gen98,OtherName98,Breader2,IL,IRL2,IRC2,Parentage2,FParent2,MParent2,SelHis2,Sourc2,"Blast, Tungro","Salt, Cold","Aroma, High Fe","Sub1, DT1"
4,Gen99,OtherName99,Breader3,IL,IRL3,IRC3,Parentage3,FParent3,MParent3,SelHis3,Sourc3,"Blast, Tungro","Salt, Cold","Aroma, High Fe","Sub1, DT1"
4,Gen100,OtherName100,Breader4,IL,IRL4,IRC4,Parentage4,FParent4,MParent4,SelHis4,Sourc4,"Blast, Tungro","Salt, Cold","Aroma, High Fe","Sub1, DT1"
4,Gen101,OtherName101,Breader1,IL,IRL1,IRC1,Parentage1,FParent1,MParent1,SelHis1,Sourc1,"Blast, Tungro","Salt, Cold","Aroma, High Fe","Sub1, DT1"
4,Gen102,OtherName102,Breader2,IL,IRL2,IRC2,Parentage2,FParent2,MParent2,SelHis2,Sourc2,"Blast, Tungro","Salt, Cold","Aroma, High Fe","Sub1, DT1"
4,Gen103,OtherName103,Breader3,IL,IRL3,IRC3,Parentage3,FParent3,MParent3,SelHis3,Sourc3,"Blast, Tungro","Salt, Cold","Aroma, High Fe","Sub1, DT1"
4,Gen104,OtherName104,Breader4,IL,IRL4,IRC4,Parentage4,FParent4,MParent4,SelHis4,Sourc4,"Blast, Tungro","Salt, Cold","Aroma, High Fe","Sub1, DT1"
4,Gen105,OtherName105,Breader1,IL,IRL1,IRC1,Parentage1,FParent1,MParent1,SelHis1,Sourc1,"Blast, Tungro","Salt, Cold","Aroma, High Fe","Sub1, DT1"
4,Gen106,OtherName106,Breader2,IL,IRL2,IRC2,Parentage2,FParent2,MParent2,SelHis2,Sourc2,"Blast, Tungro","Salt, Cold","Aroma, High Fe","Sub1, DT1"
4,Gen107,OtherName107,Breader3,IL,IRL3,IRC3,Parentage3,FParent3,MParent3,SelHis3,Sourc3,"Blast, Tungro","Salt, Cold","Aroma, High Fe","Sub1, DT1"
4,Gen108,OtherName108,Breader4,IL,IRL4,IRC4,Parentage4,FParent4,MParent4,SelHis4,Sourc4,"Blast, Tungro","Salt, Cold","Aroma, High Fe","Sub1, DT1"
4,Gen109,OtherName109,Breader1,IL,IRL1,IRC1,Parentage1,FParent1,MParent1,SelHis1,Sourc1,"Blast, Tungro","Salt, Cold","Aroma, High Fe","Sub1, DT1"
4,Gen110,OtherName110,Breader2,IL,IRL2,IRC2,Parentage2,FParent2,MParent2,SelHis2,Sourc2,"Blast, Tungro","Salt, Cold","Aroma, High Fe","Sub1, DT1"
4,Gen111,OtherName111,Breader3,IL,IRL3,IRC3,Parentage3,FParent3,MParent3,SelHis3,Sourc3,"Blast, Tungro","Salt, Cold","Aroma, High Fe","Sub1, DT1"
4,Gen112,OtherName112,Breader4,IL,IRL4,IRC4,Parentage4,FParent4,MParent4,SelHis4,Sourc4,"Blast, Tungro","Salt, Cold","Aroma, High Fe","Sub1, DT1"
4,Gen113,OtherName113,Breader1,IL,IRL1,IRC1,Parentage1,FParent1,MParent1,SelHis1,Sourc1,"Blast, Tungro","Salt, Cold","Aroma, High Fe","Sub1, DT1"
4,Gen114,OtherName114,Breader2,IL,IRL2,IRC2,Parentage2,FParent2,MParent2,SelHis2,Sourc2,"Blast, Tungro","Salt, Cold","Aroma, High Fe","Sub1, DT1"
4,Gen115,OtherName115,Breader3,IL,IRL3,IRC3,Parentage3,FParent3,MParent3,SelHis3,Sourc3,"Blast, Tungro","Salt, Cold","Aroma, High Fe","Sub1, DT1"
4,Gen116,OtherName116,Breader4,IL,IRL4,IRC4,Parentage4,FParent4,MParent4,SelHis4,Sourc4,"Blast, Tungro","Salt, Cold","Aroma, High Fe","Sub1, DT1"
4,Gen117,OtherName117,Breader1,IL,IRL1,IRC1,Parentage1,FParent1,MParent1,SelHis1,Sourc1,"Blast, Tungro","Salt, Cold","Aroma, High Fe","Sub1, DT1"
4,Gen118,OtherName118,Breader2,IL,IRL2,IRC2,Parentage2,FParent2,MParent2,SelHis2,Sourc2,"Blast, Tungro","Salt, Cold","Aroma, High Fe","Sub1, DT1"
4,Gen119,OtherName119,Breader3,IL,IRL3,IRC3,Parentage3,FParent3,MParent3,SelHis3,Sourc3,"Blast, Tungro","Salt, Cold","Aroma, High Fe","Sub1, DT1"
4,Gen120,OtherName120,Breader4,IL,IRL4,IRC4,Parentage4,FParent4,MParent4,SelHis4,Sourc4,"Blast, Tungro","Salt, Cold","Aroma, High Fe","Sub1, DT1"
4,Gen121,OtherName121,Breader1,IL,IRL1,IRC1,Parentage1,FParent1,MParent1,SelHis1,Sourc1,"Blast, Tungro","Salt, Cold","Aroma, High Fe","Sub1, DT1"
4,Gen122,OtherName122,Breader2,IL,IRL2,IRC2,Parentage2,FParent2,MParent2,SelHis2,Sourc2,"Blast, Tungro","Salt, Cold","Aroma, High Fe","Sub1, DT1"
4,Gen123,OtherName123,Breader3,IL,IRL3,IRC3,Parentage3,FParent3,MParent3,SelHis3,Sourc3,"Blast, Tungro","Salt, Cold","Aroma, High Fe","Sub1, DT1"
4,Gen124,OtherName124,Breader4,IL,IRL4,IRC4,Parentage4,FParent4,MParent4,SelHis4,Sourc4,"Blast, Tungro","Salt, Cold","Aroma, High Fe","Sub1, DT1"
4,Gen125,OtherName125,Breader1,IL,IRL1,IRC1,Parentage1,FParent1,MParent1,SelHis1,Sourc1,"Blast, Tungro","Salt, Cold","Aroma, High Fe","Sub1, DT1"
4,Gen126,OtherName126,Breader2,IL,IRL2,IRC2,Parentage2,FParent2,MParent2,SelHis2,Sourc2,"Blast, Tungro","Salt, Cold","Aroma, High Fe","Sub1, DT1"
4,Gen127,OtherName127,Breader3,IL,IRL3,IRC3,Parentage3,FParent3,MParent3,SelHis3,Sourc3,"Blast, Tungro","Salt, Cold","Aroma, High Fe","Sub1, DT1"
4,Gen128,OtherName128,Breader4,IL,IRL4,IRC4,Parentage4,FParent4,MParent4,SelHis4,Sourc4,"Blast, Tungro","Salt, Cold","Aroma, High Fe","Sub1, DT1"
4,Gen129,OtherName129,Breader1,IL,IRL1,IRC1,Parentage1,FParent1,MParent1,SelHis1,Sourc1,"Blast, Tungro","Salt, Cold","Aroma, High Fe","Sub1, DT1"
4,Gen130,OtherName130,Breader2,IL,IRL2,IRC2,Parentage2,FParent2,MParent2,SelHis2,Sourc2,"Blast, Tungro","Salt, Cold","Aroma, High Fe","Sub1, DT1"
4,Gen131,OtherName131,Breader3,IL,IRL3,IRC3,Parentage3,FParent3,MParent3,SelHis3,Sourc3,"Blast, Tungro","Salt, Cold","Aroma, High Fe","Sub1, DT1"
4,Gen132,OtherName132,Breader4,IL,IRL4,IRC4,Parentage4,FParent4,MParent4,SelHis4,Sourc4,"Blast, Tungro","Salt, Cold","Aroma, High Fe","Sub1, DT1"
4,Gen133,OtherName133,Breader1,IL,IRL1,IRC1,Parentage1,FParent1,MParent1,SelHis1,Sourc1,"Blast, Tungro","Salt, Cold","Aroma, High Fe","Sub1, DT1"
4,Gen134,OtherName134,Breader2,IL,IRL2,IRC2,Parentage2,FParent2,MParent2,SelHis2,Sourc2,"Blast, Tungro","Salt, Cold","Aroma, High Fe","Sub1, DT1"
4,Gen135,OtherName135,Breader3,IL,IRL3,IRC3,Parentage3,FParent3,MParent3,SelHis3,Sourc3,"Blast, Tungro","Salt, Cold","Aroma, High Fe","Sub1, DT1"
4,Gen136,OtherName136,Breader4,IL,IRL4,IRC4,Parentage4,FParent4,MParent4,SelHis4,Sourc4,"Blast, Tungro","Salt, Cold","Aroma, High Fe","Sub1, DT1"
4,Gen137,OtherName137,Breader1,IL,IRL1,IRC1,Parentage1,FParent1,MParent1,SelHis1,Sourc1,"Blast, Tungro","Salt, Cold","Aroma, High Fe","Sub1, DT1"
4,Gen138,OtherName138,Breader2,IL,IRL2,IRC2,Parentage2,FParent2,MParent2,SelHis2,Sourc2,"Blast, Tungro","Salt, Cold","Aroma, High Fe","Sub1, DT1"
4,Gen139,OtherName139,Breader3,IL,IRL3,IRC3,Parentage3,FParent3,MParent3,SelHis3,Sourc3,"Blast, Tungro","Salt, Cold","Aroma, High Fe","Sub1, DT1"
4,Gen140,OtherName140,Breader4,IL,IRL4,IRC4,Parentage4,FParent4,MParent4,SelHis4,Sourc4,"Blast, Tungro","Salt, Cold","Aroma, High Fe","Sub1, DT1"
4,Gen141,OtherName141,Breader1,IL,IRL1,IRC1,Parentage1,FParent1,MParent1,SelHis1,Sourc1,"Blast, Tungro","Salt, Cold","Aroma, High Fe","Sub1, DT1"
4,Gen142,OtherName142,Breader2,IL,IRL2,IRC2,Parentage2,FParent2,MParent2,SelHis2,Sourc2,"Blast, Tungro","Salt, Cold","Aroma, High Fe","Sub1, DT1"
4,Gen143,OtherName143,Breader3,IL,IRL3,IRC3,Parentage3,FParent3,MParent3,SelHis3,Sourc3,"Blast, Tungro","Salt, Cold","Aroma, High Fe","Sub1, DT1"
4,Gen144,OtherName144,Breader4,IL,IRL4,IRC4,Parentage4,FParent4,MParent4,SelHis4,Sourc4,"Blast, Tungro","Salt, Cold","Aroma, High Fe","Sub1, DT1"
4,Gen145,OtherName145,Breader1,IL,IRL1,IRC1,Parentage1,FParent1,MParent1,SelHis1,Sourc1,"Blast, Tungro","Salt, Cold","Aroma, High Fe","Sub1, DT1"
4,Gen146,OtherName146,Breader2,IL,IRL2,IRC2,Parentage2,FParent2,MParent2,SelHis2,Sourc2,"Blast, Tungro","Salt, Cold","Aroma, High Fe","Sub1, DT1"
4,Gen147,OtherName147,Breader3,IL,IRL3,IRC3,Parentage3,FParent3,MParent3,SelHis3,Sourc3,"Blast, Tungro","Salt, Cold","Aroma, High Fe","Sub1, DT1"
4,Gen148,OtherName148,Breader4,IL,IRL4,IRC4,Parentage4,FParent4,MParent4,SelHis4,Sourc4,"Blast, Tungro","Salt, Cold","Aroma, High Fe","Sub1, DT1"
4,Gen149,OtherName149,Breader1,IL,IRL1,IRC1,Parentage1,FParent1,MParent1,SelHis1,Sourc1,"Blast, Tungro","Salt, Cold","Aroma, High Fe","Sub1, DT1"
4,Gen150,OtherName150,Breader2,IL,IRL2,IRC2,Parentage2,FParent2,MParent2,SelHis2,Sourc2,"Blast, Tungro","Salt, Cold","Aroma, High Fe","Sub1, DT1"
4,Gen151,OtherName151,Breader3,IL,IRL3,IRC3,Parentage3,FParent3,MParent3,SelHis3,Sourc3,"Blast, Tungro","Salt, Cold","Aroma, High Fe","Sub1, DT1"
4,Gen152,OtherName152,Breader4,IL,IRL4,IRC4,Parentage4,FParent4,MParent4,SelHis4,Sourc4,"Blast, Tungro","Salt, Cold","Aroma, High Fe","Sub1, DT1"
4,Gen153,OtherName153,Breader1,IL,IRL1,IRC1,Parentage1,FParent1,MParent1,SelHis1,Sourc1,"Blast, Tungro","Salt, Cold","Aroma, High Fe","Sub1, DT1"
4,Gen154,OtherName154,Breader2,IL,IRL2,IRC2,Parentage2,FParent2,MParent2,SelHis2,Sourc2,"Blast, Tungro","Salt, Cold","Aroma, High Fe","Sub1, DT1"
4,Gen155,OtherName155,Breader3,IL,IRL3,IRC3,Parentage3,FParent3,MParent3,SelHis3,Sourc3,"Blast, Tungro","Salt, Cold","Aroma, High Fe","Sub1, DT1"
4,Gen156,OtherName156,Breader4,IL,IRL4,IRC4,Parentage4,FParent4,MParent4,SelHis4,Sourc4,"Blast, Tungro","Salt, Cold","Aroma, High Fe","Sub1, DT1"
4,Gen157,OtherName157,Breader1,IL,IRL1,IRC1,Parentage1,FParent1,MParent1,SelHis1,Sourc1,"Blast, Tungro","Salt, Cold","Aroma, High Fe","Sub1, DT1"
4,Gen158,OtherName158,Breader2,IL,IRL2,IRC2,Parentage2,FParent2,MParent2,SelHis2,Sourc2,"Blast, Tungro","Salt, Cold","Aroma, High Fe","Sub1, DT1"
4,Gen159,OtherName159,Breader3,IL,IRL3,IRC3,Parentage3,FParent3,MParent3,SelHis3,Sourc3,"Blast, Tungro","Salt, Cold","Aroma, High Fe","Sub1, DT1"
4,Gen160,OtherName160,Breader4,IL,IRL4,IRC4,Parentage4,FParent4,MParent4,SelHis4,Sourc4,"Blast, Tungro","Salt, Cold","Aroma, High Fe","Sub1, DT1"
4,Gen161,OtherName161,Breader1,IL,IRL1,IRC1,Parentage1,FParent1,MParent1,SelHis1,Sourc1,"Blast, Tungro","Salt, Cold","Aroma, High Fe","Sub1, DT1"
4,Gen162,OtherName162,Breader2,IL,IRL2,IRC2,Parentage2,FParent2,MParent2,SelHis2,Sourc2,"Blast, Tungro","Salt, Cold","Aroma, High Fe","Sub1, DT1"
4,Gen163,OtherName163,Breader3,IL,IRL3,IRC3,Parentage3,FParent3,MParent3,SelHis3,Sourc3,"Blast, Tungro","Salt, Cold","Aroma, High Fe","Sub1, DT1"
4,Gen164,OtherName164,Breader4,IL,IRL4,IRC4,Parentage4,FParent4,MParent4,SelHis4,Sourc4,"Blast, Tungro","Salt, Cold","Aroma, High Fe","Sub1, DT1"
4,Gen165,OtherName165,Breader1,IL,IRL1,IRC1,Parentage1,FParent1,MParent1,SelHis1,Sourc1,"Blast, Tungro","Salt, Cold","Aroma, High Fe","Sub1, DT1"
4,Gen166,OtherName166,Breader2,IL,IRL2,IRC2,Parentage2,FParent2,MParent2,SelHis2,Sourc2,"Blast, Tungro","Salt, Cold","Aroma, High Fe","Sub1, DT1"
4,Gen167,OtherName167,Breader3,IL,IRL3,IRC3,Parentage3,FParent3,MParent3,SelHis3,Sourc3,"Blast, Tungro","Salt, Cold","Aroma, High Fe","Sub1, DT1"
4,Gen168,OtherName168,Breader4,IL,IRL4,IRC4,Parentage4,FParent4,MParent4,SelHis4,Sourc4,"Blast, Tungro","Salt, Cold","Aroma, High Fe","Sub1, DT1"
4,Gen169,OtherName169,Breader1,IL,IRL1,IRC1,Parentage1,FParent1,MParent1,SelHis1,Sourc1,"Blast, Tungro","Salt, Cold","Aroma, High Fe","Sub1, DT1"
4,Gen170,OtherName170,Breader2,IL,IRL2,IRC2,Parentage2,FParent2,MParent2,SelHis2,Sourc2,"Blast, Tungro","Salt, Cold","Aroma, High Fe","Sub1, DT1"
4,Gen171,OtherName171,Breader3,IL,IRL3,IRC3,Parentage3,FParent3,MParent3,SelHis3,Sourc3,"Blast, Tungro","Salt, Cold","Aroma, High Fe","Sub1, DT1"
4,Gen172,OtherName172,Breader4,IL,IRL4,IRC4,Parentage4,FParent4,MParent4,SelHis4,Sourc4,"Blast, Tungro","Salt, Cold","Aroma, High Fe","Sub1, DT1"
4,Gen173,OtherName173,Breader1,IL,IRL1,IRC1,Parentage1,FParent1,MParent1,SelHis1,Sourc1,"Blast, Tungro","Salt, Cold","Aroma, High Fe","Sub1, DT1"
4,Gen174,OtherName174,Breader2,IL,IRL2,IRC2,Parentage2,FParent2,MParent2,SelHis2,Sourc2,"Blast, Tungro","Salt, Cold","Aroma, High Fe","Sub1, DT1"
4,Gen175,OtherName175,Breader3,IL,IRL3,IRC3,Parentage3,FParent3,MParent3,SelHis3,Sourc3,"Blast, Tungro","Salt, Cold","Aroma, High Fe","Sub1, DT1"
4,Gen176,OtherName176,Breader4,IL,IRL4,IRC4,Parentage4,FParent4,MParent4,SelHis4,Sourc4,"Blast, Tungro","Salt, Cold","Aroma, High Fe","Sub1, DT1"
4,Gen177,OtherName177,Breader1,IL,IRL1,IRC1,Parentage1,FParent1,MParent1,SelHis1,Sourc1,"Blast, Tungro","Salt, Cold","Aroma, High Fe","Sub1, DT1"
4,Gen178,OtherName178,Breader2,IL,IRL2,IRC2,Parentage2,FParent2,MParent2,SelHis2,Sourc2,"Blast, Tungro","Salt, Cold","Aroma, High Fe","Sub1, DT1"
4,Gen179,OtherName179,Breader3,IL,IRL3,IRC3,Parentage3,FParent3,MParent3,SelHis3,Sourc3,"Blast, Tungro","Salt, Cold","Aroma, High Fe","Sub1, DT1"
4,Gen180,OtherName180,Breader4,IL,IRL4,IRC4,Parentage4,FParent4,MParent4,SelHis4,Sourc4,"Blast, Tungro","Salt, Cold","Aroma, High Fe","Sub1, DT1"
4,Gen181,OtherName181,Breader1,IL,IRL1,IRC1,Parentage1,FParent1,MParent1,SelHis1,Sourc1,"Blast, Tungro","Salt, Cold","Aroma, High Fe","Sub1, DT1"
4,Gen182,OtherName182,Breader2,IL,IRL2,IRC2,Parentage2,FParent2,MParent2,SelHis2,Sourc2,"Blast, Tungro","Salt, Cold","Aroma, High Fe","Sub1, DT1"
4,Gen183,OtherName183,Breader3,IL,IRL3,IRC3,Parentage3,FParent3,MParent3,SelHis3,Sourc3,"Blast, Tungro","Salt, Cold","Aroma, High Fe","Sub1, DT1"
4,Gen184,OtherName184,Breader4,IL,IRL4,IRC4,Parentage4,FParent4,MParent4,SelHis4,Sourc4,"Blast, Tungro","Salt, Cold","Aroma, High Fe","Sub1, DT1"
4,Gen185,OtherName185,Breader1,IL,IRL1,IRC1,Parentage1,FParent1,MParent1,SelHis1,Sourc1,"Blast, Tungro","Salt, Cold","Aroma, High Fe","Sub1, DT1"
4,Gen186,OtherName186,Breader2,IL,IRL2,IRC2,Parentage2,FParent2,MParent2,SelHis2,Sourc2,"Blast, Tungro","Salt, Cold","Aroma, High Fe","Sub1, DT1"
4,Gen187,OtherName187,Breader3,IL,IRL3,IRC3,Parentage3,FParent3,MParent3,SelHis3,Sourc3,"Blast, Tungro","Salt, Cold","Aroma, High Fe","Sub1, DT1"
4,Gen188,OtherName188,Breader4,IL,IRL4,IRC4,Parentage4,FParent4,MParent4,SelHis4,Sourc4,"Blast, Tungro","Salt, Cold","Aroma, High Fe","Sub1, DT1"
4,Gen189,OtherName189,Breader1,IL,IRL1,IRC1,Parentage1,FParent1,MParent1,SelHis1,Sourc1,"Blast, Tungro","Salt, Cold","Aroma, High Fe","Sub1, DT1"
4,Gen190,OtherName190,Breader2,IL,IRL2,IRC2,Parentage2,FParent2,MParent2,SelHis2,Sourc2,"Blast, Tungro","Salt, Cold","Aroma, High Fe","Sub1, DT1"
4,Gen191,OtherName191,Breader3,IL,IRL3,IRC3,Parentage3,FParent3,MParent3,SelHis3,Sourc3,"Blast, Tungro","Salt, Cold","Aroma, High Fe","Sub1, DT1"
4,Gen192,OtherName192,Breader4,IL,IRL4,IRC4,Parentage4,FParent4,MParent4,SelHis4,Sourc4,"Blast, Tungro","Salt, Cold","Aroma, High Fe","Sub1, DT1"
4,Gen193,OtherName193,Breader1,IL,IRL1,IRC1,Parentage1,FParent1,MParent1,SelHis1,Sourc1,"Blast, Tungro","Salt, Cold","Aroma, High Fe","Sub1, DT1"
4,Gen194,OtherName194,Breader2,IL,IRL2,IRC2,Parentage2,FParent2,MParent2,SelHis2,Sourc2,"Blast, Tungro","Salt, Cold","Aroma, High Fe","Sub1, DT1"
4,Gen195,OtherName195,Breader3,IL,IRL3,IRC3,Parentage3,FParent3,MParent3,SelHis3,Sourc3,,"Salt, Cold","Aroma, High Fe","Sub1, DT1"
4,Gen196,OtherName196,Breader4,IL,IRL4,IRC4,Parentage4,FParent4,MParent4,SelHis4,Sourc4,"Blast, Tungro","Salt, Cold","Aroma, High Fe","Sub1, DT1"
4,Gen197,OtherName197,Breader1,IL,IRL1,IRC1,Parentage1,FParent1,MParent1,SelHis1,Sourc1,"Blast, Tungro","Salt, Cold","Aroma, High Fe","Sub1, DT1"
4,Gen198,OtherName198,Breader2,IL,IRL2,IRC2,Parentage2,FParent2,MParent2,SelHis2,Sourc2,"Blast, Tungro","Salt, Coldx","Aroma, High Fe","Sub1, DT1"
4,Gen199,OtherName199,Breader3,IL,IRL3,IRC3,Parentage3,FParent3,MParent3,SelHis3,Sourc3,"Blast, Tungro","Salt, Cold","Aroma, High Fe","Sub1, DT1"
4,Gen200,OtherName200,Breader4,IL,IRL4,IRC4,Parentage4,FParent4,MParent4,SelHis4,Sourc4,"Blassst, Tungro","Salt, Coldx","Aroma, High Fe","Sub1, DT1"
