GID,GnaMe,EDD,Breeder,GErmplasmType,IR Number,IR Cross,Parentage,Female Parent,Male Parent,Selection History,Source,Biotic,Abiotic,Grain Quality,Major Genes
1,IR8000,OtherName1,Breader1,IL,IRL1,IRC1,Parentage1,FParent1,MParent1,SelHis1,Sourc1,"Blast, Tungro","Salt, Cold","Aroma, High Fe","Sub1, DT1"
2,DR002,OtherName2,Breader2,IL,IRL2,IRC2,Parentage2,FParent2,MParent2,SelHis2,Sourc2,"Blast, Tungro","Salt, Cold","Aroma, High Fe","Sub1, DT1"
3,DR003,OtherName3,Breader3,IL,IRL3,IRC3,Parentage3,FParent3,MParent3,SelHis3,Sourc3,"Blast, Tungro","Salt, Cold","Arosma, High Fe","Sub1, DT1"
4,DR004,OtherName4,Breader4,IL,IRL4,IRC4,Parentage4,FParent4,MParent4,SelHis4,Sourc4,"Blast, Tungro","Salt, Cold","Aroma, High Fe","Sub1, DT1"
4,DR005,OtherName5,Breader1,IL,IRL1,IRC1,Parentage1,FParent1,MParent1,SelHis1,Sourc1,"Blast, Tungro","Salt, Cold","Aroma, High Fe","Sub1, DT1"
4,DR006,OtherName6,Breader2,IL,IRL2,IRC2,Parentage2,FParent2,MParent2,SelHis2,Sourc2,"Blast, Tungro","Salt, Cold","Aroma, High Fe","Sub1, DT1"
4,DR007,OtherName7,Breader3,IL,IRL3,IRC3,Parentage3,FParent3,MParent3,SelHis3,Sourc3,"Blast, Tungro","Salt, Cold","Arsoma, High Fe","Sub1, DT1"
4,DR008,OtherName8,Breader4,IL,IRL4,IRC4,Parentage4,FParent4,MParent4,SelHis4,Sourc4,"Blast, Tungro","Salt, Cold","Aroma, High Fe","Sub1, DT1"
4,DR009,OtherName9,Breader1,IL,IRL1,IRC1,Parentage1,FParent1,MParent1,SelHis1,Sourc1,"Blast, Tungro","Salt, Coldx","Aroma, High Fe","Sub1, DT1"
4,DR010,OtherName10,Breader2,IL,IRL2,IRC2,Parentage2,FParent2,MParent2,SelHis2,Sourc2,"Blast, Tungro","Salt, Coldx","Aroma, High Fe","Sub1, DT1"
4,DR011,OtherName11,Breader3,IL,IRL3,IRC3,Parentage3,FParent3,MParent3,SelHis3,Sourc3,"Blast, Tungro","Salt, Cold","Arosma, High Fe","Sub1, DT1"
4,DR012,OtherName12,Breader4,IL,IRL4,IRC4,Parentage4,FParent4,MParent4,SelHis4,Sourc4,"Blast, Tungro","Salt, Coldx","Aroma, High Fe","Sub1, DT1"
4,DR013,OtherName13,Breader1,IL,IRL1,IRC1,Parentage1,FParent1,MParent1,SelHis1,Sourc1,"Blast, Tungro","Salt, Cold","Aroma, High Fe","Sub1, DT1"
4,DR014,OtherName14,Breader2,IL,IRL2,IRC2,Parentage2,FParent2,MParent2,SelHis2,Sourc2,"Blast, Tungro","Salt, Cold","Aroma, High Fe","Sub1, DT1"
4,DR015,OtherName15,Breader3,IL,IRL3,IRC3,Parentage3,FParent3,MParent3,SelHis3,Sourc3,"Blast, Tungro","Salt, Cold","Aroma, High Fe","Sub1, DT1"
4,DR016,OtherName16,Breader4,IL,IRL4,IRC4,Parentage4,FParent4,MParent4,SelHis4,Sourc4,"Blast, Tungro","Salt, Cold","Aroma, High Fe","Sub1, DT1"
4,DR017,OtherName17,Breader1,IL,IRL1,IRC1,Parentage1,FParent1,MParent1,SelHis1,Sourc1,"Blast, Tungro","Salt, Cold","Aroma, High Fe","Sub1, DT1"
4,DR018,OtherName18,Breader2,IL,IRL2,IRC2,Parentage2,FParent2,MParent2,SelHis2,Sourc2,"Blast, Tungro","Salt, Cold","Aroma, High Fe","Sub1, DsT1"
4,DR019,OtherName19,Breader3,IL,IRL3,IRC3,Parentage3,FParent3,MParent3,SelHis3,Sourc3,"Blast, Tungro","Salt, Cold","Aroma, High Fe","Sub1, DT1"
4,DR020,OtherName20,Breader4,IL,IRL4,IRC4,Parentage4,FParent4,MParent4,SelHis4,Sourc4,"Blast, Tungro","Salt, Cold","Aroma, High Fe","Sub1, DT1"
4,DR021,OtherName21,Breader1,IL,IRL1,IRC1,Parentage1,FParent1,MParent1,SelHis1,Sourc1,"Blast, Tungro","Salt, Cold","Aroma, High Fe","Sub1, DT1"
4,DR022,OtherName22,Breader2,IL,IRL2,IRC2,Parentage2,FParent2,MParent2,SelHis2,Sourc2,"Blast, Tungro","Salt, Cold","Aroma, High Fe","Sub1, DT1"
4,DR023,OtherName23,Breader3,IL,IRL3,IRC3,Parentage3,FParent3,MParent3,SelHis3,Sourc3,"Blast, Tungro","Salt, Cold","Aroma, High Fe","Sub1, DT1"
4,DR024,OtherName24,Breader4,IL,IRL4,IRC4,Parentage4,FParent4,MParent4,SelHis4,Sourc4,"Blast, Tungro","Salt, Cold","Aroma, High Fe","Sub1, DT1"
4,DR025,OtherName25,Breader1,IL,IRL1,IRC1,Parentage1,FParent1,MParent1,SelHis1,Sourc1,"Blast, Tungro","Salt, Cold","Aroma, High Fe","Sub1, DT1"
4,DR026,OtherName26,Breader2,IL,IRL2,IRC2,Parentage2,FParent2,MParent2,SelHis2,Sourc2,"Blssast, Tungro","Salt, Cold","Aroma, High Fe","Sub1, DT1"
4,DR027,OtherName27,Breader3,IL,IRL3,IRC3,Parentage3,FParent3,MParent3,SelHis3,Sourc3,"Blast, Tungro","Salt, Cold","Aroma, High Fe","Sub1, DT1"
4,DR028,OtherName28,Breader4,IL,IRL4,IRC4,Parentage4,FParent4,MParent4,SelHis4,Sourc4,"Blast, Tungro","Salt, Cold","Aroma, High Fe","Sub1, DT1"
4,DR029,OtherName29,Breader1,IL,IRL1,IRC1,Parentage1,FParent1,MParent1,SelHis1,Sourc1,"Blast, Tungro","Salt, Cold","Aroma, High Fe","Sub1, DT1"
4,DR030,OtherName30,Breader2,IL,IRL2,IRC2,Parentage2,FParent2,MParent2,SelHis2,Sourc2,"Blast, Tungro","Salt, Cold","Aroma, High Fe","Sub1, DT1"
4,DR031,OtherName31,Breader3,IL,IRL3,IRC3,Parentage3,FParent3,MParent3,SelHis3,Sourc3,"Blast, Tungro","Salt, Cold","Aroma, High Fe","Sub1, DT1"
4,DR032,OtherName32,Breader4,IL,IRL4,IRC4,Parentage4,FParent4,MParent4,SelHis4,Sourc4,"Blast, Tungro","Salt, Cold","Aroma, High Fe","Sub1, DT1"
4,DR033,OtherName33,Breader1,IL,IRL1,IRC1,Parentage1,FParent1,MParent1,SelHis1,Sourc1,"Blast, Tungro","Salt, Cold","Aroma, High Fe","Sub1, DT1"
4,DR034,OtherName34,Breader2,IL,IRL2,IRC2,Parentage2,FParent2,MParent2,SelHis2,Sourc2,"Blast, Tungro","Salt, Cold","Aroma, High Fe","Sub1, DT1"
4,DR035,OtherName35,Breader3,IL,IRL3,IRC3,Parentage3,FParent3,MParent3,SelHis3,Sourc3,"Blast, Tungro","Salt, Cold","Aroma, High Fe","Sub1, DT1"
4,DR036,OtherName36,Breader4,IL,IRL4,IRC4,Parentage4,FParent4,MParent4,SelHis4,Sourc4,"Blast, Tungro","Salt, Cold","Aroma, High Fe","Sub1, DT1"
4,DR037,OtherName37,Breader1,IL,IRL1,IRC1,Parentage1,FParent1,MParent1,SelHis1,Sourc1,"Blast, Tungro","Salt, Cold","Aroma, High Fe","Sub1, DT1"
4,DR038,OtherName38,Breader2,IL,IRL2,IRC2,Parentage2,FParent2,MParent2,SelHis2,Sourc2,"Blast, Tungro","Salt, Cold","Aroma, High Fe","Sub1, DT1"
4,DR039,OtherName39,Breader3,IL,IRL3,IRC3,Parentage3,FParent3,MParent3,SelHis3,Sourc3,"Blast, Tungro","Salt, Cold","Aroma, High Fe","Sub1, DT1"
4,DR040,OtherName40,Breader4,IL,IRL4,IRC4,Parentage4,FParent4,MParent4,SelHis4,Sourc4,"Blast, Tungro","Salt, Cold","Aroma, High Fe","Sub1, DT1"
4,DR041,OtherName41,Breader1,IL,IRL1,IRC1,Parentage1,FParent1,MParent1,SelHis1,Sourc1,"Blast, Tungro","Salt, Cold","Aroma, High Fe","Sub1, DT1"
4,DR042,OtherName42,Breader2,IL,IRL2,IRC2,Parentage2,FParent2,MParent2,SelHis2,Sourc2,"Blast, Tungro","Salt, Cold","Aroma, High Fe","Sub1, DT1"
4,DR043,OtherName43,Breader3,IL,IRL3,IRC3,Parentage3,FParent3,MParent3,SelHis3,Sourc3,"Blast, Tungro","Salt, Cold","Aroma, High Fe","Sub1, DT1"
4,DR044,OtherName44,Breader4,IL,IRL4,IRC4,Parentage4,FParent4,MParent4,SelHis4,Sourc4,"Blast, Tungro","Salt, Cold","Aroma, High Fe","Sub1, DT1"
4,DR045,OtherName45,Breader1,IL,IRL1,IRC1,Parentage1,FParent1,MParent1,SelHis1,Sourc1,"Blast, Tungro","Salt, Cold","Aroma, High Fe","Sub1, DT1"
4,DR046,OtherName46,Breader2,IL,IRL2,IRC2,Parentage2,FParent2,MParent2,SelHis2,Sourc2,"Blast, Tungro","Salt, Cold","Aroma, High Fe","Sub1, DT1"
4,DR047,OtherName47,Breader3,IL,IRL3,IRC3,Parentage3,FParent3,MParent3,SelHis3,Sourc3,"Blast, Tungro","Salt, Cold","Aroma, High Fe","Sub1, DT1"
4,DR048,OtherName48,Breader4,IL,IRL4,IRC4,Parentage4,FParent4,MParent4,SelHis4,Sourc4,"Blast, Tungro","Salt, Cold","Aroma, High Fe","Sub1, DT1"
4,DR049,OtherName49,Breader1,IL,IRL1,IRC1,Parentage1,FParent1,MParent1,SelHis1,Sourc1,"Blast, Tungro","Salt, Cold","Aroma, High Fe","Sub1, DT1"
4,DR050,OtherName50,Breader2,IL,IRL2,IRC2,Parentage2,FParent2,MParent2,SelHis2,Sourc2,"Blast, Tungro","Salt, Cold","Aroma, High Fe","Sub1, DT1"
4,DR051,OtherName51,Breader3,IL,IRL3,IRC3,Parentage3,FParent3,MParent3,SelHis3,Sourc3,"Blast, Tungro","Salt, Cold","Aroma, High Fe","Sub1, DT1"
4,DR052,OtherName52,Breader4,IL,IRL4,IRC4,Parentage4,FParent4,MParent4,SelHis4,Sourc4,"Blast, Tungro","Salt, Cold","Aroma, High Fe","Sub1, DT1"
4,DR053,OtherName53,Breader1,IL,IRL1,IRC1,Parentage1,FParent1,MParent1,SelHis1,Sourc1,"Blast, Tungro","Salt, Cold","Aroma, High Fe","Sub1, DT1"
4,DR054,OtherName54,Breader2,IL,IRL2,IRC2,Parentage2,FParent2,MParent2,SelHis2,Sourc2,"Blast, Tungro","Salt, Cold","Aroma, High Fe","Sub1, DT1"
4,DR055,OtherName55,Breader3,IL,IRL3,IRC3,Parentage3,FParent3,MParent3,SelHis3,Sourc3,"Blast, Tungro","Salt, Cold","Aroma, High Fe","Sub1, DT1"
4,DR056,OtherName56,Breader4,IL,IRL4,IRC4,Parentage4,FParent4,MParent4,SelHis4,Sourc4,"Blast, Tungro","Salt, Cold","Aroma, High Fe","Sub1, DT1"
4,DR057,OtherName57,Breader1,IL,IRL1,IRC1,Parentage1,FParent1,MParent1,SelHis1,Sourc1,"Blast, Tungro","Salt, Cold","Aroma, High Fe","Sub1, DT1"
4,DR058,OtherName58,Breader2,IL,IRL2,IRC2,Parentage2,FParent2,MParent2,SelHis2,Sourc2,"Blast, Tungro","Salt, Cold","Aroma, High Fe","Sub1, DT1"
4,DR059,OtherName59,Breader3,IL,IRL3,IRC3,Parentage3,FParent3,MParent3,SelHis3,Sourc3,"Blast, Tungro","Salt, Cold","Aroma, High Fe","Sub1, DT1"
4,DR060,OtherName60,Breader4,IL,IRL4,IRC4,Parentage4,FParent4,MParent4,SelHis4,Sourc4,"Blast, Tungro","Salt, Cold","Aroma, High Fe","Sub1, DT1"
4,DR061,OtherName61,Breader1,IL,IRL1,IRC1,Parentage1,FParent1,MParent1,SelHis1,Sourc1,"Blast, Tungro","Salt, Cold","Aroma, High Fe","Sub1, DT1"
4,DR062,OtherName62,Breader2,IL,IRL2,IRC2,Parentage2,FParent2,MParent2,SelHis2,Sourc2,"Blast, Tungro","Salt, Cold","Aroma, High Fe","Sub1, DT1"
4,DR063,OtherName63,Breader3,IL,IRL3,IRC3,Parentage3,FParent3,MParent3,SelHis3,Sourc3,"Blast, Tungro","Salt, Cold","Aroma, High Fe","Sub1, DT1"
4,DR064,OtherName64,Breader4,IL,IRL4,IRC4,Parentage4,FParent4,MParent4,SelHis4,Sourc4,"Blast, Tungro","Salt, Cold","Aroma, High Fe","Sub1, DT1"
4,DR065,OtherName65,Breader1,IL,IRL1,IRC1,Parentage1,FParent1,MParent1,SelHis1,Sourc1,"Blast, Tungro","Salt, Cold","Aroma, High Fe","Sub1, DT1"
4,DR066,OtherName66,Breader2,IL,IRL2,IRC2,Parentage2,FParent2,MParent2,SelHis2,Sourc2,"Blast, Tungro","Salt, Cold","Aroma, High Fe","Sub1, DT1"
4,DR067,OtherName67,Breader3,IL,IRL3,IRC3,Parentage3,FParent3,MParent3,SelHis3,Sourc3,"Blast, Tungro","Salt, Cold","Aroma, High Fe","Sub1, DT1"
4,DR068,OtherName68,Breader4,IL,IRL4,IRC4,Parentage4,FParent4,MParent4,SelHis4,Sourc4,"Blast, Tungro","Salt, Cold","Aroma, High Fe","Sub1, DT1"
4,DR069,OtherName69,Breader1,IL,IRL1,IRC1,Parentage1,FParent1,MParent1,SelHis1,Sourc1,"Blast, Tungro","Salt, Cold","Aroma, High Fe","Sub1, DT1"
4,DR070,OtherName70,Breader2,IL,IRL2,IRC2,Parentage2,FParent2,MParent2,SelHis2,Sourc2,"Blast, Tungro","Salt, Cold","Aroma, High Fe","Sub1, DT1"
4,DR071,OtherName71,Breader3,IL,IRL3,IRC3,Parentage3,FParent3,MParent3,SelHis3,Sourc3,"Blast, Tungro","Salt, Cold","Aroma, High Fe","Sub1, DT1"
4,DR072,OtherName72,Breader4,IL,IRL4,IRC4,Parentage4,FParent4,MParent4,SelHis4,Sourc4,"Blast, Tungro","Salt, Cold","Aroma, High Fe","Sub1, DT1"
4,DR073,OtherName73,Breader1,IL,IRL1,IRC1,Parentage1,FParent1,MParent1,SelHis1,Sourc1,"Blast, Tungro","Salt, Cold","Aroma, High Fe","Sub1, DT1"
4,DR074,OtherName74,Breader2,IL,IRL2,IRC2,Parentage2,FParent2,MParent2,SelHis2,Sourc2,"Blast, Tungro","Salt, Cold","Aroma, High Fe","Sub1, DT1"
4,DR075,OtherName75,Breader3,IL,IRL3,IRC3,Parentage3,FParent3,MParent3,SelHis3,Sourc3,"Blast, Tungro","Salt, Cold","Aroma, High Fe","Sub1, DT1"
4,DR076,OtherName76,Breader4,IL,IRL4,IRC4,Parentage4,FParent4,MParent4,SelHis4,Sourc4,"Blast, Tungro","Salt, Cold","Aroma, High Fe","Sub1, DT1"
4,DR077,OtherName77,Breader1,IL,IRL1,IRC1,Parentage1,FParent1,MParent1,SelHis1,Sourc1,"Blast, Tungro","Salt, Cold","Aroma, High Fe","Sub1, DT1"
4,DR078,OtherName78,Breader2,IL,IRL2,IRC2,Parentage2,FParent2,MParent2,SelHis2,Sourc2,"Blast, Tungro","Salt, Cold","Aroma, High Fe","Sub1, DT1"
4,DR079,OtherName79,Breader3,IL,IRL3,IRC3,Parentage3,FParent3,MParent3,SelHis3,Sourc3,"Blast, Tungro","Salt, Cold","Aroma, High Fe","Sub1, DT1"
4,DR080,OtherName80,Breader4,IL,IRL4,IRC4,Parentage4,FParent4,MParent4,SelHis4,Sourc4,"Blast, Tungro","Salt, Cold","Aroma, High Fe","Sub1, DT1"
4,DR081,OtherName81,Breader1,IL,IRL1,IRC1,Parentage1,FParent1,MParent1,SelHis1,Sourc1,"Blast, Tungro","Salt, Cold","Aroma, High Fe","Sub1, DT1"
4,DR082,OtherName82,Breader2,IL,IRL2,IRC2,Parentage2,FParent2,MParent2,SelHis2,Sourc2,"Blast, Tungro","Salt, Cold","Aroma, High Fe","Sub1, DT1"
4,DR083,OtherName83,Breader3,IL,IRL3,IRC3,Parentage3,FParent3,MParent3,SelHis3,Sourc3,"Blast, Tungro","Salt, Cold","Aroma, High Fe","Sub1, DT1"
4,DR084,OtherName84,Breader4,IL,IRL4,IRC4,Parentage4,FParent4,MParent4,SelHis4,Sourc4,"Blast, Tungro","Salt, Cold","Aroma, High Fe","Sub1, DT1"
4,DR085,OtherName85,Breader1,IL,IRL1,IRC1,Parentage1,FParent1,MParent1,SelHis1,Sourc1,"Blast, Tungro","Salt, Cold","Aroma, High Fe","Sub1, DT1"
4,DR086,OtherName86,Breader2,IL,IRL2,IRC2,Parentage2,FParent2,MParent2,SelHis2,Sourc2,"Blast, Tungro","Salt, Cold","Aroma, High Fe","Sub1, DT1"
4,DR087,OtherName87,Breader3,IL,IRL3,IRC3,Parentage3,FParent3,MParent3,SelHis3,Sourc3,"Blast, Tungro","Salt, Cold","Aroma, High Fe","Sub1, DT1"
4,DR088,OtherName88,Breader4,IL,IRL4,IRC4,Parentage4,FParent4,MParent4,SelHis4,Sourc4,"Blast, Tungro","Salt, Cold","Aroma, High Fe","Sub1, DT1"
4,DR089,OtherName89,Breader1,IL,IRL1,IRC1,Parentage1,FParent1,MParent1,SelHis1,Sourc1,"Blast, Tungro","Salt, Cold","Aroma, High Fe","Sub1, DT1"
4,DR090,OtherName90,Breader2,IL,IRL2,IRC2,Parentage2,FParent2,MParent2,SelHis2,Sourc2,"Blast, Tungro","Salt, Cold","Aroma, High Fe","Sub1, DT1"
4,DR091,OtherName91,Breader3,IL,IRL3,IRC3,Parentage3,FParent3,MParent3,SelHis3,Sourc3,"Blast, Tungro","Salt, Cold","Aroma, High Fe","Sub1, DT1"
4,DR092,OtherName92,Breader4,IL,IRL4,IRC4,Parentage4,FParent4,MParent4,SelHis4,Sourc4,"Blast, Tungro","Salt, Cold","Aroma, High Fe","Sub1, DT1"
4,DR093,OtherName93,Breader1,IL,IRL1,IRC1,Parentage1,FParent1,MParent1,SelHis1,Sourc1,"Blast, Tungro","Salt, Cold","Aroma, High Fe","Sub1, DT1"
4,DR094,OtherName94,Breader2,IL,IRL2,IRC2,Parentage2,FParent2,MParent2,SelHis2,Sourc2,"Blast, Tungro","Salt, Cold","Aroma, High Fe","Sub1, DT1"
4,DR095,OtherName95,Breader3,IL,IRL3,IRC3,Parentage3,FParent3,MParent3,SelHis3,Sourc3,"Blast, Tungro","Salt, Cold","Aroma, High Fe","Sub1, DT1"
4,DR096,OtherName96,Breader4,IL,IRL4,IRC4,Parentage4,FParent4,MParent4,SelHis4,Sourc4,"Blast, Tungro","Salt, Cold","Aroma, High Fe","Sub1, DT1"
4,DR097,OtherName97,Breader1,IL,IRL1,IRC1,Parentage1,FParent1,MParent1,SelHis1,Sourc1,"Blast, Tungro","Salt, Cold","Aroma, High Fe","Sub1, DT1"
4,DR098,,Breader2,IL,IRL2,IRC2,Parentage2,FParent2,MParent2,SelHis2,Sourc2,"Blast, Tungro","Salt, Cold","Aroma, High Fe","Sub1, DT1"
4,DR099,,Breader3,IL,IRL3,IRC3,Parentage3,FParent3,MParent3,SelHis3,Sourc3,"Blast, Tungro","Salt, Cold","Aroma, High Fe","Sub1, DT1"
4,DR100,,Breader4,IL,IRL4,IRC4,Parentage4,FParent4,MParent4,SelHis4,Sourc4,"Blast, Tungro","Salt, Cold","Aroma, High Fe","Sub1, DT1"
4,DR101,,Breader1,IL,IRL1,IRC1,Parentage1,FParent1,MParent1,SelHis1,Sourc1,"Blast, Tungro","Salt, Cold","Aroma, High Fe","Sub1, DT1"
4,DR102,,Breader2,IL,IRL2,IRC2,Parentage2,FParent2,MParent2,SelHis2,Sourc2,"Blast, Tungro","Salt, Cold","Aroma, High Fe","Sub1, DT1"
4,DR103,,Breader3,IL,IRL3,IRC3,Parentage3,FParent3,MParent3,SelHis3,Sourc3,"Blast, Tungro","Salt, Cold","Aroma, High Fe","Sub1, DT1"
4,DR104,,Breader4,IL,IRL4,IRC4,Parentage4,FParent4,MParent4,SelHis4,Sourc4,"Blast, Tungro","Salt, Cold","Aroma, High Fe","Sub1, DT1"
4,DR105,,Breader1,IL,IRL1,IRC1,Parentage1,FParent1,MParent1,SelHis1,Sourc1,"Blast, Tungro","Salt, Cold","Aroma, High Fe","Sub1, DT1"
4,DR106,,Breader2,IL,IRL2,IRC2,Parentage2,FParent2,MParent2,SelHis2,Sourc2,"Blast, Tungro","Salt, Cold","Aroma, High Fe","Sub1, DT1"
4,DR107,,Breader3,IL,IRL3,IRC3,Parentage3,FParent3,MParent3,SelHis3,Sourc3,"Blast, Tungro","Salt, Cold","Aroma, High Fe","Sub1, DT1"
4,DR108,,Breader4,IL,IRL4,IRC4,Parentage4,FParent4,MParent4,SelHis4,Sourc4,"Blast, Tungro","Salt, Cold","Aroma, High Fe","Sub1, DT1"
4,DR109,,Breader1,IL,IRL1,IRC1,Parentage1,FParent1,MParent1,SelHis1,Sourc1,"Blast, Tungro","Salt, Cold","Aroma, High Fe","Sub1, DT1"
4,DR110,,Breader2,IL,IRL2,IRC2,Parentage2,FParent2,MParent2,SelHis2,Sourc2,"Blast, Tungro","Salt, Cold","Aroma, High Fe","Sub1, DT1"
4,DR111,,Breader3,IL,IRL3,IRC3,Parentage3,FParent3,MParent3,SelHis3,Sourc3,"Blast, Tungro","Salt, Cold","Aroma, High Fe","Sub1, DT1"
4,DR112,,Breader4,IL,IRL4,IRC4,Parentage4,FParent4,MParent4,SelHis4,Sourc4,"Blast, Tungro","Salt, Cold","Aroma, High Fe","Sub1, DT1"
4,DR113,,Breader1,IL,IRL1,IRC1,Parentage1,FParent1,MParent1,SelHis1,Sourc1,"Blast, Tungro","Salt, Cold","Aroma, High Fe","Sub1, DT1"
4,DR114,,Breader2,IL,IRL2,IRC2,Parentage2,FParent2,MParent2,SelHis2,Sourc2,"Blast, Tungro","Salt, Cold","Aroma, High Fe","Sub1, DT1"
4,DR115,,Breader3,IL,IRL3,IRC3,Parentage3,FParent3,MParent3,SelHis3,Sourc3,"Blast, Tungro","Salt, Cold","Aroma, High Fe","Sub1, DT1"
4,DR116,,Breader4,IL,IRL4,IRC4,Parentage4,FParent4,MParent4,SelHis4,Sourc4,"Blast, Tungro","Salt, Cold","Aroma, High Fe","Sub1, DT1"
4,DR117,,Breader1,IL,IRL1,IRC1,Parentage1,FParent1,MParent1,SelHis1,Sourc1,"Blast, Tungro","Salt, Cold","Aroma, High Fe","Sub1, DT1"
4,DR118,,Breader2,IL,IRL2,IRC2,Parentage2,FParent2,MParent2,SelHis2,Sourc2,"Blast, Tungro","Salt, Cold","Aroma, High Fe","Sub1, DT1"
4,DR119,,Breader3,IL,IRL3,IRC3,Parentage3,FParent3,MParent3,SelHis3,Sourc3,"Blast, Tungro","Salt, Cold","Aroma, High Fe","Sub1, DT1"
4,DR120,,Breader4,IL,IRL4,IRC4,Parentage4,FParent4,MParent4,SelHis4,Sourc4,"Blast, Tungro","Salt, Cold","Aroma, High Fe","Sub1, DT1"
4,DR121,,Breader1,IL,IRL1,IRC1,Parentage1,FParent1,MParent1,SelHis1,Sourc1,"Blast, Tungro","Salt, Cold","Aroma, High Fe","Sub1, DT1"
4,DR122,,Breader2,IL,IRL2,IRC2,Parentage2,FParent2,MParent2,SelHis2,Sourc2,"Blast, Tungro","Salt, Cold","Aroma, High Fe","Sub1, DT1"
4,DR123,,Breader3,IL,IRL3,IRC3,Parentage3,FParent3,MParent3,SelHis3,Sourc3,"Blast, Tungro","Salt, Cold","Aroma, High Fe","Sub1, DT1"
4,DR124,,Breader4,IL,IRL4,IRC4,Parentage4,FParent4,MParent4,SelHis4,Sourc4,"Blast, Tungro","Salt, Cold","Aroma, High Fe","Sub1, DT1"
4,DR125,,Breader1,IL,IRL1,IRC1,Parentage1,FParent1,MParent1,SelHis1,Sourc1,"Blast, Tungro","Salt, Cold","Aroma, High Fe","Sub1, DT1"
4,DR126,,Breader2,IL,IRL2,IRC2,Parentage2,FParent2,MParent2,SelHis2,Sourc2,"Blast, Tungro","Salt, Cold","Aroma, High Fe","Sub1, DT1"
4,DR127,,Breader3,IL,IRL3,IRC3,Parentage3,FParent3,MParent3,SelHis3,Sourc3,"Blast, Tungro","Salt, Cold","Aroma, High Fe","Sub1, DT1"
4,DR128,,Breader4,IL,IRL4,IRC4,Parentage4,FParent4,MParent4,SelHis4,Sourc4,"Blast, Tungro","Salt, Cold","Aroma, High Fe","Sub1, DT1"
4,DR129,,Breader1,IL,IRL1,IRC1,Parentage1,FParent1,MParent1,SelHis1,Sourc1,"Blast, Tungro","Salt, Cold","Aroma, High Fe","Sub1, DT1"
4,DR130,,Breader2,IL,IRL2,IRC2,Parentage2,FParent2,MParent2,SelHis2,Sourc2,"Blast, Tungro","Salt, Cold","Aroma, High Fe","Sub1, DT1"
4,DR131,,Breader3,IL,IRL3,IRC3,Parentage3,FParent3,MParent3,SelHis3,Sourc3,"Blast, Tungro","Salt, Cold","Aroma, High Fe","Sub1, DT1"
4,DR132,,Breader4,IL,IRL4,IRC4,Parentage4,FParent4,MParent4,SelHis4,Sourc4,"Blast, Tungro","Salt, Cold","Aroma, High Fe","Sub1, DT1"
4,DR133,,Breader1,IL,IRL1,IRC1,Parentage1,FParent1,MParent1,SelHis1,Sourc1,"Blast, Tungro","Salt, Cold","Aroma, High Fe","Sub1, DT1"
4,DR134,,Breader2,IL,IRL2,IRC2,Parentage2,FParent2,MParent2,SelHis2,Sourc2,"Blast, Tungro","Salt, Cold","Aroma, High Fe","Sub1, DT1"
4,DR135,,Breader3,IL,IRL3,IRC3,Parentage3,FParent3,MParent3,SelHis3,Sourc3,"Blast, Tungro","Salt, Cold","Aroma, High Fe","Sub1, DT1"
4,DR136,,Breader4,IL,IRL4,IRC4,Parentage4,FParent4,MParent4,SelHis4,Sourc4,"Blast, Tungro","Salt, Cold","Aroma, High Fe","Sub1, DT1"
4,DR137,,Breader1,IL,IRL1,IRC1,Parentage1,FParent1,MParent1,SelHis1,Sourc1,"Blast, Tungro","Salt, Cold","Aroma, High Fe","Sub1, DT1"
4,DR138,,Breader2,IL,IRL2,IRC2,Parentage2,FParent2,MParent2,SelHis2,Sourc2,"Blast, Tungro","Salt, Cold","Aroma, High Fe","Sub1, DT1"
4,DR139,,Breader3,IL,IRL3,IRC3,Parentage3,FParent3,MParent3,SelHis3,Sourc3,"Blast, Tungro","Salt, Cold","Aroma, High Fe","Sub1, DT1"
4,DR140,,Breader4,IL,IRL4,IRC4,Parentage4,FParent4,MParent4,SelHis4,Sourc4,"Blast, Tungro","Salt, Cold","Aroma, High Fe","Sub1, DT1"
4,DR141,,Breader1,IL,IRL1,IRC1,Parentage1,FParent1,MParent1,SelHis1,Sourc1,"Blast, Tungro","Salt, Cold","Aroma, High Fe","Sub1, DT1"
4,DR142,,Breader2,IL,IRL2,IRC2,Parentage2,FParent2,MParent2,SelHis2,Sourc2,"Blast, Tungro","Salt, Cold","Aroma, High Fe","Sub1, DT1"
4,DR143,,Breader3,IL,IRL3,IRC3,Parentage3,FParent3,MParent3,SelHis3,Sourc3,"Blast, Tungro","Salt, Cold","Aroma, High Fe","Sub1, DT1"
4,DR144,,Breader4,IL,IRL4,IRC4,Parentage4,FParent4,MParent4,SelHis4,Sourc4,"Blast, Tungro","Salt, Cold","Aroma, High Fe","Sub1, DT1"
4,DR145,,Breader1,IL,IRL1,IRC1,Parentage1,FParent1,MParent1,SelHis1,Sourc1,"Blast, Tungro","Salt, Cold","Aroma, High Fe","Sub1, DT1"
4,DR146,,Breader2,IL,IRL2,IRC2,Parentage2,FParent2,MParent2,SelHis2,Sourc2,"Blast, Tungro","Salt, Cold","Aroma, High Fe","Sub1, DT1"
4,DR147,,Breader3,IL,IRL3,IRC3,Parentage3,FParent3,MParent3,SelHis3,Sourc3,"Blast, Tungro","Salt, Cold","Aroma, High Fe","Sub1, DT1"
4,DR148,,Breader4,IL,IRL4,IRC4,Parentage4,FParent4,MParent4,SelHis4,Sourc4,"Blast, Tungro","Salt, Cold","Aroma, High Fe","Sub1, DT1"
4,DR149,,Breader1,IL,IRL1,IRC1,Parentage1,FParent1,MParent1,SelHis1,Sourc1,"Blast, Tungro","Salt, Cold","Aroma, High Fe","Sub1, DT1"
4,DR150,,Breader2,IL,IRL2,IRC2,Parentage2,FParent2,MParent2,SelHis2,Sourc2,"Blast, Tungro","Salt, Cold","Aroma, High Fe","Sub1, DT1"
4,DR151,,Breader3,IL,IRL3,IRC3,Parentage3,FParent3,MParent3,SelHis3,Sourc3,"Blast, Tungro","Salt, Cold","Aroma, High Fe","Sub1, DT1"
4,DR152,,Breader4,IL,IRL4,IRC4,Parentage4,FParent4,MParent4,SelHis4,Sourc4,"Blast, Tungro","Salt, Cold","Aroma, High Fe","Sub1, DT1"
4,DR153,,Breader1,IL,IRL1,IRC1,Parentage1,FParent1,MParent1,SelHis1,Sourc1,"Blast, Tungro","Salt, Cold","Aroma, High Fe","Sub1, DT1"
4,DR154,,Breader2,IL,IRL2,IRC2,Parentage2,FParent2,MParent2,SelHis2,Sourc2,"Blast, Tungro","Salt, Cold","Aroma, High Fe","Sub1, DT1"
4,DR155,,Breader3,IL,IRL3,IRC3,Parentage3,FParent3,MParent3,SelHis3,Sourc3,"Blast, Tungro","Salt, Cold","Aroma, High Fe","Sub1, DT1"
4,DR156,,Breader4,IL,IRL4,IRC4,Parentage4,FParent4,MParent4,SelHis4,Sourc4,"Blast, Tungro","Salt, Cold","Aroma, High Fe","Sub1, DT1"
4,DR157,,Breader1,IL,IRL1,IRC1,Parentage1,FParent1,MParent1,SelHis1,Sourc1,"Blast, Tungro","Salt, Cold","Aroma, High Fe","Sub1, DT1"
4,DR158,,Breader2,IL,IRL2,IRC2,Parentage2,FParent2,MParent2,SelHis2,Sourc2,"Blast, Tungro","Salt, Cold","Aroma, High Fe","Sub1, DT1"
4,DR159,,Breader3,IL,IRL3,IRC3,Parentage3,FParent3,MParent3,SelHis3,Sourc3,"Blast, Tungro","Salt, Cold","Aroma, High Fe","Sub1, DT1"
4,DR160,,Breader4,IL,IRL4,IRC4,Parentage4,FParent4,MParent4,SelHis4,Sourc4,"Blast, Tungro","Salt, Cold","Aroma, High Fe","Sub1, DT1"
4,DR161,,Breader1,IL,IRL1,IRC1,Parentage1,FParent1,MParent1,SelHis1,Sourc1,"Blast, Tungro","Salt, Cold","Aroma, High Fe","Sub1, DT1"
4,DR162,,Breader2,IL,IRL2,IRC2,Parentage2,FParent2,MParent2,SelHis2,Sourc2,"Blast, Tungro","Salt, Cold","Aroma, High Fe","Sub1, DT1"
4,DR163,,Breader3,IL,IRL3,IRC3,Parentage3,FParent3,MParent3,SelHis3,Sourc3,"Blast, Tungro","Salt, Cold","Aroma, High Fe","Sub1, DT1"
4,DR164,,Breader4,IL,IRL4,IRC4,Parentage4,FParent4,MParent4,SelHis4,Sourc4,"Blast, Tungro","Salt, Cold","Aroma, High Fe","Sub1, DT1"
4,DR165,,Breader1,IL,IRL1,IRC1,Parentage1,FParent1,MParent1,SelHis1,Sourc1,"Blast, Tungro","Salt, Cold","Aroma, High Fe","Sub1, DT1"
4,DR166,,Breader2,IL,IRL2,IRC2,Parentage2,FParent2,MParent2,SelHis2,Sourc2,"Blast, Tungro","Salt, Cold","Aroma, High Fe","Sub1, DT1"
4,DR167,,Breader3,IL,IRL3,IRC3,Parentage3,FParent3,MParent3,SelHis3,Sourc3,"Blast, Tungro","Salt, Cold","Aroma, High Fe","Sub1, DT1"
4,DR168,,Breader4,IL,IRL4,IRC4,Parentage4,FParent4,MParent4,SelHis4,Sourc4,"Blast, Tungro","Salt, Cold","Aroma, High Fe","Sub1, DT1"
4,DR169,,Breader1,IL,IRL1,IRC1,Parentage1,FParent1,MParent1,SelHis1,Sourc1,"Blast, Tungro","Salt, Cold","Aroma, High Fe","Sub1, DT1"
4,DR170,,Breader2,IL,IRL2,IRC2,Parentage2,FParent2,MParent2,SelHis2,Sourc2,"Blast, Tungro","Salt, Cold","Aroma, High Fe","Sub1, DT1"
4,DR171,,Breader3,IL,IRL3,IRC3,Parentage3,FParent3,MParent3,SelHis3,Sourc3,"Blast, Tungro","Salt, Cold","Aroma, High Fe","Sub1, DT1"
4,DR172,,Breader4,IL,IRL4,IRC4,Parentage4,FParent4,MParent4,SelHis4,Sourc4,"Blast, Tungro","Salt, Cold","Aroma, High Fe","Sub1, DT1"
4,DR173,,Breader1,IL,IRL1,IRC1,Parentage1,FParent1,MParent1,SelHis1,Sourc1,"Blast, Tungro","Salt, Cold","Aroma, High Fe","Sub1, DT1"
4,DR174,,Breader2,IL,IRL2,IRC2,Parentage2,FParent2,MParent2,SelHis2,Sourc2,"Blast, Tungro","Salt, Cold","Aroma, High Fe","Sub1, DT1"
4,DR175,,Breader3,IL,IRL3,IRC3,Parentage3,FParent3,MParent3,SelHis3,Sourc3,"Blast, Tungro","Salt, Cold","Aroma, High Fe","Sub1, DT1"
4,DR176,,Breader4,IL,IRL4,IRC4,Parentage4,FParent4,MParent4,SelHis4,Sourc4,"Blast, Tungro","Salt, Cold","Aroma, High Fe","Sub1, DT1"
4,DR177,,Breader1,IL,IRL1,IRC1,Parentage1,FParent1,MParent1,SelHis1,Sourc1,"Blast, Tungro","Salt, Cold","Aroma, High Fe","Sub1, DT1"
4,DR178,,Breader2,IL,IRL2,IRC2,Parentage2,FParent2,MParent2,SelHis2,Sourc2,"Blast, Tungro","Salt, Cold","Aroma, High Fe","Sub1, DT1"
4,DR179,,Breader3,IL,IRL3,IRC3,Parentage3,FParent3,MParent3,SelHis3,Sourc3,"Blast, Tungro","Salt, Cold","Aroma, High Fe","Sub1, DT1"
4,DR180,,Breader4,IL,IRL4,IRC4,Parentage4,FParent4,MParent4,SelHis4,Sourc4,"Blast, Tungro","Salt, Cold","Aroma, High Fe","Sub1, DT1"
4,DR181,,Breader1,IL,IRL1,IRC1,Parentage1,FParent1,MParent1,SelHis1,Sourc1,"Blast, Tungro","Salt, Cold","Aroma, High Fe","Sub1, DT1"
4,DR182,,Breader2,IL,IRL2,IRC2,Parentage2,FParent2,MParent2,SelHis2,Sourc2,"Blast, Tungro","Salt, Cold","Aroma, High Fe","Sub1, DT1"
4,DR183,,Breader3,IL,IRL3,IRC3,Parentage3,FParent3,MParent3,SelHis3,Sourc3,"Blast, Tungro","Salt, Cold","Aroma, High Fe","Sub1, DT1"
4,DR184,,Breader4,IL,IRL4,IRC4,Parentage4,FParent4,MParent4,SelHis4,Sourc4,"Blast, Tungro","Salt, Cold","Aroma, High Fe","Sub1, DT1"
4,DR185,,Breader1,IL,IRL1,IRC1,Parentage1,FParent1,MParent1,SelHis1,Sourc1,"Blast, Tungro","Salt, Cold","Aroma, High Fe","Sub1, DT1"
4,DR186,,Breader2,IL,IRL2,IRC2,Parentage2,FParent2,MParent2,SelHis2,Sourc2,"Blast, Tungro","Salt, Cold","Aroma, High Fe","Sub1, DT1"
4,DR187,,Breader3,IL,IRL3,IRC3,Parentage3,FParent3,MParent3,SelHis3,Sourc3,"Blast, Tungro","Salt, Cold","Aroma, High Fe","Sub1, DT1"
4,DR188,,Breader4,IL,IRL4,IRC4,Parentage4,FParent4,MParent4,SelHis4,Sourc4,"Blast, Tungro","Salt, Cold","Aroma, High Fe","Sub1, DT1"
4,DR189,,Breader1,IL,IRL1,IRC1,Parentage1,FParent1,MParent1,SelHis1,Sourc1,"Blast, Tungro","Salt, Cold","Aroma, High Fe","Sub1, DT1"
4,DR190,,Breader2,IL,IRL2,IRC2,Parentage2,FParent2,MParent2,SelHis2,Sourc2,"Blast, Tungro","Salt, Cold","Aroma, High Fe","Sub1, DT1"
4,DR191,,Breader3,IL,IRL3,IRC3,Parentage3,FParent3,MParent3,SelHis3,Sourc3,"Blast, Tungro","Salt, Cold","Aroma, High Fe","Sub1, DT1"
4,DR192,,Breader4,IL,IRL4,IRC4,Parentage4,FParent4,MParent4,SelHis4,Sourc4,"Blast, Tungro","Salt, Cold","Aroma, High Fe","Sub1, DT1"
4,DR193,,Breader1,IL,IRL1,IRC1,Parentage1,FParent1,MParent1,SelHis1,Sourc1,"Blast, Tungro","Salt, Cold","Aroma, High Fe","Sub1, DT1"
4,DR194,,Breader2,IL,IRL2,IRC2,Parentage2,FParent2,MParent2,SelHis2,Sourc2,"Blast, Tungro","Salt, Cold","Aroma, High Fe","Sub1, DT1"
4,DR195,,Breader3,IL,IRL3,IRC3,Parentage3,FParent3,MParent3,SelHis3,Sourc3,,"Salt, Cold","Aroma, High Fe","Sub1, DT1"
4,DR196,,Breader4,IL,IRL4,IRC4,Parentage4,FParent4,MParent4,SelHis4,Sourc4,"Blast, Tungro","Salt, Cold","Aroma, High Fe","Sub1, DT1"
4,DR197,,Breader1,IL,IRL1,IRC1,Parentage1,FParent1,MParent1,SelHis1,Sourc1,"Blast, Tungro","Salt, Cold","Aroma, High Fe","Sub1, DT1"
4,DR198,,Breader2,IL,IRL2,IRC2,Parentage2,FParent2,MParent2,SelHis2,Sourc2,"Blast, Tungro","Salt, Coldx","Aroma, High Fe","Sub1, DT1"
4,DR199,,Breader3,IL,IRL3,IRC3,Parentage3,FParent3,MParent3,SelHis3,Sourc3,"Blast, Tungro","Salt, Cold","Aroma, High Fe","Sub1, DT1"
4,DR200,,Breader4,IL,IRL4,IRC4,Parentage4,FParent4,MParent4,SelHis4,Sourc4,"Blassst, Tungro","Salt, Coldx","Aroma, High Fe","Sub1, DT1"
